http://www.google.com|||
http://www.yahoo.com|||
https://www.forex.com/en-us/|US|NO|redirect-modal-section
https://www.forex.com/en-us/|CA|YES|redirect-modal-section
https://www.forex.com/en-us/|UK|YES|redirect-modal-section
https://www.forex.com/en-us/|CN|YES|redirect-modal-section
https://www.forex.com/en-us/|JP|YES|redirect-modal-section
https://www.forex.com/en-us/|AU|YES|redirect-modal-section
https://www.forex.com/en-us/account-login/|US|YES|redirect-modal-section
https://www.forex.com/en-us/open-forex-demo-account/|CA|NO|redirect-modal-section
https://www.forex.com/en-us/simulated-forex-trading/|CA|YES|redirect-modal-section
https://www.forex.com/en-us/sitemap/|US|NO|redirect-modal-section
https://www.forex.com/en-us/trading-platform-download-center/|US|NO|redirect-modal-section
https://www.forex.com/en-us/education/|US|NO|redirect-modal-section
https://www.forex.com/en-us/myaccount-login/|US|NO|redirect-modal-section
https://www.forex.com/en-us/open-an-account/|US|NO|redirect-modal-section
https://www.forex.com/en-us/open-corporate-account/|US|NO|redirect-modal-section
https://www.forex.com/en-us/open-forex-account/|US|NO|redirect-modal-section
https://www.forex.com/en-us/open-joint-account/|US|NO|redirect-modal-section
https://www.forex.com/en-us/open-metatrader-account/|US|NO|redirect-modal-section
https://www.forex.com/en-us/open-metatrader-demo-account/|US|NO|redirect-modal-section
https://www.forex.com/en-us/open-standard-account/|US|NO|redirect-modal-section
https://www.forex.com/en-us/trading-platforms/|US|NO|redirect-modal-section
https://www.forex.com/en-us/why-us/|US|NO|redirect-modal-section
https://www.forex.com/en-us/account-login/metatrader-web/|US|NO|redirect-modal-section
https://www.forex.com/en-us/landing-pages/ftp/pillars-menu/|US|NO|redirect-modal-section
https://www.forex.com/en-us/terms-and-policies/50-credit-drawing-terms-and-conditions/|US|NO|redirect-modal-section
https://www.forex.com/en-us/terms-and-policies/disclosures-and-risk-warning/|US|NO|redirect-modal-section
https://www.forex.com/en-us/terms-and-policies/legal-notice/|US|NO|redirect-modal-section
https://www.forex.com/en-us/terms-and-policies/privacy-policy/|US|NO|redirect-modal-section
https://www.forex.com/en-us/terms-and-policies/us-50-credit-terms-and-conditions/|US|NO|redirect-modal-section
https://www.forex.com/en-us/education/trader-type-quiz-intro/|US|NO|redirect-modal-section
https://www.forex.com/en-us/education/education-themes/|US|NO|redirect-modal-section
https://www.forex.com/en-us/education/education-topics/|US|NO|redirect-modal-section
https://www.forex.com/en-us/education/glossary/|US|NO|redirect-modal-section
https://www.forex.com/en-us/education/education-themes/trading-concepts/common-forex-trading-mistakes/|US|NO|redirect-modal-section
https://www.forex.com/en-us/education/education-themes/trading-concepts/bitcoin-futures-trading/|US|NO|redirect-modal-section
https://www.forex.com/en-us/education/education-themes/trading-concepts/what-is-a-cryptocurrency-us/|US|NO|redirect-modal-section
https://www.forex.com/en-us/education/education-themes/trading-concepts/bitcoin-correlations-us/|US|NO|redirect-modal-section
https://www.forex.com/en-us/education/education-themes/trading-concepts/bitcoin-factsheet-us/|US|NO|redirect-modal-section
https://www.forex.com/en-us/education/education-themes/trading-concepts/how-bitcoin-works-us/|US|NO|redirect-modal-section
https://www.forex.com/en-us/education/education-themes/trading-concepts/trading-bitcoin-us/|US|NO|redirect-modal-section
https://www.forex.com/en-us/education/education-themes/trading-concepts/forex-currency-factsheet-guide-us/|US|NO|redirect-modal-section
https://www.forex.com/en-us/education/education-themes/trading-concepts/forex-liquidity-and-volatility/|US|NO|redirect-modal-section
https://www.forex.com/en-us/education/education-themes/trading-concepts/forex-margin-and-leverage/|US|NO|redirect-modal-section
https://www.forex.com/en-us/education/education-themes/trading-concepts/four-steps-to-making-your-first-trade-in-forex-guide-us/|US|NO|redirect-modal-section
https://www.forex.com/en-us/education/education-themes/trading-concepts/how-is-forex-regulated/|US|NO|redirect-modal-section
https://www.forex.com/en-us/education/education-themes/trading-concepts/rollover-rates/|US|NO|redirect-modal-section
https://www.forex.com/en-us/education/education-themes/trading-concepts/the-ins-and-outs-of-trading-currencies-guide-us/|US|NO|redirect-modal-section
https://www.forex.com/en-us/education/education-themes/trading-concepts/three-skills-you-need-to-become-a-forex-trader-guide-us/|US|NO|redirect-modal-section
https://www.forex.com/en-us/education/education-themes/trading-concepts/tips-for-beginners-forex/|US|NO|redirect-modal-section
https://www.forex.com/en-us/education/education-themes/trading-concepts/top-10-tips-for-currency-traders-guide-us/|US|NO|redirect-modal-section
https://www.forex.com/en-us/education/education-themes/trading-concepts/understanding-forex-quotes/|US|NO|redirect-modal-section
https://www.forex.com/en-us/education/education-themes/trading-concepts/understanding-market-gaps-and-slippage/|US|NO|redirect-modal-section
https://www.forex.com/en-us/education/education-themes/trading-concepts/us-13-characteristics-of-a-successful-trader-guide-us/|US|NO|redirect-modal-section
https://www.forex.com/en-us/education/education-themes/trading-concepts/what-are-bearish-and-bullish--markets/|US|NO|redirect-modal-section
https://www.forex.com/en-us/education/education-themes/trading-concepts/what-is-a-pip/|US|NO|redirect-modal-section
https://www.forex.com/en-us/education/education-themes/trading-concepts/what-is-forex/|US|NO|redirect-modal-section
https://www.forex.com/en-us/education/education-themes/trading-concepts/when-can-i-trade-forex/|US|NO|redirect-modal-section
https://www.forex.com/en-us/education/education-themes/trading-concepts/which-currencies-can-i-trade/|US|NO|redirect-modal-section
https://www.forex.com/en-us/education/education-themes/trading-concepts/why-trade-forex/|US|NO|redirect-modal-section
https://www.forex.com/en-us/education/education-themes/managing-risk/introduction-to-order-types/|US|NO|redirect-modal-section
https://www.forex.com/en-us/education/education-themes/managing-risk/using-orders-to-manage-risk/|US|NO|redirect-modal-section
https://www.forex.com/en-us/education/education-themes/managing-risk/managing-risk-efficiently-in-six-steps/|US|NO|redirect-modal-section
https://www.forex.com/en-us/education/education-themes/managing-risk/developing-trading-plan/|US|NO|redirect-modal-section
https://www.forex.com/en-us/education/education-themes/managing-risk/tips-for-trading-volatility/|US|NO|redirect-modal-section
https://www.forex.com/en-us/education/education-themes/technical-analysis/abcd-pattern/|US|NO|redirect-modal-section
https://www.forex.com/en-us/education/education-themes/technical-analysis/andrews-pitchfork/|US|NO|redirect-modal-section
https://www.forex.com/en-us/education/education-themes/technical-analysis/average-true-range/|US|NO|redirect-modal-section
https://www.forex.com/en-us/education/education-themes/technical-analysis/bearish-gartley-pattern/|US|NO|redirect-modal-section
https://www.forex.com/en-us/education/education-themes/technical-analysis/bollinger-bands/|US|NO|redirect-modal-section
https://www.forex.com/en-us/education/education-themes/technical-analysis/bullish-3-drive-pattern/|US|NO|redirect-modal-section
https://www.forex.com/en-us/education/education-themes/technical-analysis/bullish-and-bearish-flags/|US|NO|redirect-modal-section
https://www.forex.com/en-us/education/education-themes/technical-analysis/bullish-gartley-pattern/|US|NO|redirect-modal-section
https://www.forex.com/en-us/education/education-themes/technical-analysis/charting-basics-bars-vs-candlesticks/|US|NO|redirect-modal-section
https://www.forex.com/en-us/education/education-themes/technical-analysis/doji-candlestick-formation/|US|NO|redirect-modal-section
https://www.forex.com/en-us/education/education-themes/technical-analysis/falling-and-rising-wedges/|US|NO|redirect-modal-section
https://www.forex.com/en-us/education/education-themes/technical-analysis/fibonacci-theory/|US|NO|redirect-modal-section
https://www.forex.com/en-us/education/education-themes/technical-analysis/hammer-candlestick-formation/|US|NO|redirect-modal-section
https://www.forex.com/en-us/education/education-themes/technical-analysis/japanese-candlesticks/|US|NO|redirect-modal-section
https://www.forex.com/en-us/education/education-themes/technical-analysis/morning-star/|US|NO|redirect-modal-section
https://www.forex.com/en-us/education/education-themes/technical-analysis/moving-average-crossover/|US|NO|redirect-modal-section
https://www.forex.com/en-us/education/education-themes/technical-analysis/our-favorite-fib/|US|NO|redirect-modal-section
https://www.forex.com/en-us/education/education-themes/technical-analysis/support-and-resistance/|US|NO|redirect-modal-section
https://www.forex.com/en-us/education/education-themes/technical-analysis/symmetrical-triangles/|US|NO|redirect-modal-section
https://www.forex.com/en-us/education/education-themes/technical-analysis/trend-lines/|US|NO|redirect-modal-section
https://www.forex.com/en-us/education/education-themes/technical-analysis/triangle-chart-patterns/|US|NO|redirect-modal-section
https://www.forex.com/en-us/education/education-themes/technical-analysis/understanding-pivot-points/|US|NO|redirect-modal-section
https://www.forex.com/en-us/education/education-themes/technical-analysis/understanding-technical-analysis/|US|NO|redirect-modal-section
https://www.forex.com/en-us/education/education-themes/technical-analysis/wide-ranging-bars/|US|NO|redirect-modal-section
https://www.forex.com/en-us/education/education-themes/trading-strategies/non-farm-payrolls/|US|NO|redirect-modal-section
https://www.forex.com/en-us/education/education-themes/trading-strategies/trading-the-nfp-v-shaped-reversal/|US|NO|redirect-modal-section
https://www.forex.com/en-us/education/education-themes/trading-strategies/opening-range-breakout-trading-strategy/|US|NO|redirect-modal-section
https://www.forex.com/en-us/education/education-themes/trading-strategies/understanding-commodity-correlations/|US|NO|redirect-modal-section
https://www.forex.com/en-us/education/education-themes/trading-strategies/tweezer-candlestick-formation/|US|NO|redirect-modal-section
https://www.forex.com/en-us/education/education-themes/trading-strategies/trading-gold/|US|NO|redirect-modal-section
https://www.forex.com/en-us/education/education-themes/trading-strategies/keys-to-trading-gold-guide-us/|US|NO|redirect-modal-section
https://www.forex.com/en-us/education/education-themes/fundamental-analysis/central-banks/|US|NO|redirect-modal-section
https://www.forex.com/en-us/education/education-themes/fundamental-analysis/consumer-and-producer-price-indices/|US|NO|redirect-modal-section
https://www.forex.com/en-us/education/education-themes/fundamental-analysis/five-key-drivers-of-the-forex-markets/|US|NO|redirect-modal-section
https://www.forex.com/en-us/education/education-themes/fundamental-analysis/key-economic-announcements/|US|NO|redirect-modal-section
https://www.forex.com/en-us/education/education-themes/fundamental-analysis/leading-economic-indicators/|US|NO|redirect-modal-section
https://www.forex.com/en-us/education/education-themes/fundamental-analysis/trading-using-fundamental-analysis/|US|NO|redirect-modal-section
https://www.forex.com/en-us/education/education-themes/fundamental-analysis/what-is-fundamental-analysis/|US|NO|redirect-modal-section
https://www.forex.com/en-us/education/education-themes/forex-platform-tutorials/advanced-trading-platform-highlights/|US|NO|redirect-modal-section
https://www.forex.com/en-us/education/education-themes/forex-platform-tutorials/us-advanced-trading-platform-overview/|US|NO|redirect-modal-section
https://www.forex.com/en-us/education/education-themes/forex-platform-tutorials/us-advanced-trading-platform-customization/|US|NO|redirect-modal-section
https://www.forex.com/en-us/education/education-themes/forex-platform-tutorials/us-advanced-trading-platform-trades-and-orders/|US|NO|redirect-modal-section
https://www.forex.com/en-us/education/education-themes/forex-platform-tutorials/us-advanced-trading-platform-charting-overview/|US|NO|redirect-modal-section
https://www.forex.com/en-us/education/education-themes/forex-platform-tutorials/us-advanced-trading-platform-trading-from-the-charts/|US|NO|redirect-modal-section
https://www.forex.com/en-us/education/education-themes/forex-platform-tutorials/advanced-platform-webinar-on-demand/|US|NO|redirect-modal-section
https://www.forex.com/en-us/education/education-themes/forex-platform-tutorials/mobile-trading-overview/|US|NO|redirect-modal-section
https://www.forex.com/en-us/education/education-themes/forex-platform-tutorials/web-trading-charts-basics/|US|NO|redirect-modal-section
https://www.forex.com/en-us/education/education-themes/forex-platform-tutorials/web-trading-charts-drawing-tools/|US|NO|redirect-modal-section
https://www.forex.com/en-us/education/education-themes/forex-platform-tutorials/web-trading-charts-indicators/|US|NO|redirect-modal-section
https://www.forex.com/en-us/education/education-themes/forex-platform-tutorials/web-trading-walkthrough/|US|NO|redirect-modal-section
https://www.forex.com/en-us/education/education-themes/metatrader-platform-tutorials/metatrader-charting-and-drawing-tools/|US|NO|redirect-modal-section
https://www.forex.com/en-us/education/education-themes/metatrader-platform-tutorials/metatrader-indicators-and-templates/|US|NO|redirect-modal-section
https://www.forex.com/en-us/education/education-themes/metatrader-platform-tutorials/metatrader-apps-alarm-manager/|US|NO|redirect-modal-section
https://www.forex.com/en-us/education/education-themes/metatrader-platform-tutorials/metatrader-apps-correlation-matrix/|US|NO|redirect-modal-section
https://www.forex.com/en-us/education/education-themes/metatrader-platform-tutorials/metatrader-apps-correlation-trader/|US|NO|redirect-modal-section
https://www.forex.com/en-us/education/education-themes/metatrader-platform-tutorials/metatrader-apps-market-manager/|US|NO|redirect-modal-section
https://www.forex.com/en-us/education/education-themes/metatrader-platform-tutorials/metatrader-apps-mini-terminal/|US|NO|redirect-modal-section
https://www.forex.com/en-us/education/education-themes/metatrader-platform-tutorials/metatrader-apps-sentiment-trader/|US|NO|redirect-modal-section
https://www.forex.com/en-us/education/education-themes/metatrader-platform-tutorials/metatrader-apps-session-map/|US|NO|redirect-modal-section
https://www.forex.com/en-us/education/education-themes/metatrader-platform-tutorials/metatrader-apps-tick-chart-trader/|US|NO|redirect-modal-section
https://www.forex.com/en-us/education/education-themes/metatrader-platform-tutorials/metatrader-apps-trade-terminal/|US|NO|redirect-modal-section
https://www.forex.com/en-us/education/education-themes/metatrader-platform-tutorials/metatrader-expert-advisors/|US|NO|redirect-modal-section
https://www.forex.com/en-us/education/education-themes/metatrader-platform-tutorials/metatrader-how-to-login/|US|NO|redirect-modal-section
https://www.forex.com/en-us/education/education-themes/metatrader-platform-tutorials/metatrader-how-to-login-on-mobile/|US|NO|redirect-modal-section
https://www.forex.com/en-us/forex-trading/aud-cad/|US|NO|redirect-modal-section
https://www.forex.com/en-us/forex-trading/aud-chf/|US|NO|redirect-modal-section
https://www.forex.com/en-us/forex-trading/aud-cnh/|US|NO|redirect-modal-section
https://www.forex.com/en-us/forex-trading/aud-jpy/|US|NO|redirect-modal-section
https://www.forex.com/en-us/forex-trading/aud-nok/|US|NO|redirect-modal-section
https://www.forex.com/en-us/forex-trading/aud-nzd/|US|NO|redirect-modal-section
https://www.forex.com/en-us/forex-trading/aud-pln/|US|NO|redirect-modal-section
https://www.forex.com/en-us/forex-trading/aud-sgd/|US|NO|redirect-modal-section
https://www.forex.com/en-us/forex-trading/aud-usd/|US|NO|redirect-modal-section
https://www.forex.com/en-us/forex-trading/cad-chf/|US|NO|redirect-modal-section
https://www.forex.com/en-us/forex-trading/cad-jpy/|US|NO|redirect-modal-section
https://www.forex.com/en-us/forex-trading/cad-nok/|US|NO|redirect-modal-section
https://www.forex.com/en-us/forex-trading/cad-pln/|US|NO|redirect-modal-section
https://www.forex.com/en-us/forex-trading/chf-huf/|US|NO|redirect-modal-section
https://www.forex.com/en-us/forex-trading/chf-jpy/|US|NO|redirect-modal-section
https://www.forex.com/en-us/forex-trading/chf-nok/|US|NO|redirect-modal-section
https://www.forex.com/en-us/forex-trading/chf-pln/|US|NO|redirect-modal-section
https://www.forex.com/en-us/forex-trading/cnh-jpy/|US|NO|redirect-modal-section
https://www.forex.com/en-us/forex-trading/eur-aud/|US|NO|redirect-modal-section
https://www.forex.com/en-us/forex-trading/eur-cad/|US|NO|redirect-modal-section
https://www.forex.com/en-us/forex-trading/eur-chf/|US|NO|redirect-modal-section
https://www.forex.com/en-us/forex-trading/eur-cnh/|US|NO|redirect-modal-section
https://www.forex.com/en-us/forex-trading/eur-czk/|US|NO|redirect-modal-section
https://www.forex.com/en-us/forex-trading/eur-dkk/|US|NO|redirect-modal-section
https://www.forex.com/en-us/forex-trading/eur-gbp/|US|NO|redirect-modal-section
https://www.forex.com/en-us/forex-trading/eur-hkd/|US|NO|redirect-modal-section
https://www.forex.com/en-us/forex-trading/eur-huf/|US|NO|redirect-modal-section
https://www.forex.com/en-us/forex-trading/eur-jpy/|US|NO|redirect-modal-section
https://www.forex.com/en-us/forex-trading/eur-mxn/|US|NO|redirect-modal-section
https://www.forex.com/en-us/forex-trading/eur-nok/|US|NO|redirect-modal-section
https://www.forex.com/en-us/forex-trading/eur-nzd/|US|NO|redirect-modal-section
https://www.forex.com/en-us/forex-trading/eur-pln/|US|NO|redirect-modal-section
https://www.forex.com/en-us/forex-trading/eur-rub/|US|NO|redirect-modal-section
https://www.forex.com/en-us/forex-trading/eur-sek/|US|NO|redirect-modal-section
https://www.forex.com/en-us/forex-trading/eur-sgd/|US|NO|redirect-modal-section
https://www.forex.com/en-us/forex-trading/eur-try/|US|NO|redirect-modal-section
https://www.forex.com/en-us/forex-trading/eur-usd/|US|NO|redirect-modal-section
https://www.forex.com/en-us/forex-trading/eur-zar/|US|NO|redirect-modal-section
https://www.forex.com/en-us/forex-trading/gbp-aud/|US|NO|redirect-modal-section
https://www.forex.com/en-us/forex-trading/gbp-cad/|US|NO|redirect-modal-section
https://www.forex.com/en-us/forex-trading/gbp-chf/|US|NO|redirect-modal-section
https://www.forex.com/en-us/forex-trading/gbp-dkk/|US|NO|redirect-modal-section
https://www.forex.com/en-us/forex-trading/gbp-hkd/|US|NO|redirect-modal-section
https://www.forex.com/en-us/forex-trading/gbp-jpy/|US|NO|redirect-modal-section
https://www.forex.com/en-us/forex-trading/gbp-mxn/|US|NO|redirect-modal-section
https://www.forex.com/en-us/forex-trading/gbp-nok/|US|NO|redirect-modal-section
https://www.forex.com/en-us/forex-trading/gbp-nzd/|US|NO|redirect-modal-section
https://www.forex.com/en-us/forex-trading/gbp-pln/|US|NO|redirect-modal-section
https://www.forex.com/en-us/forex-trading/gbp-sek/|US|NO|redirect-modal-section
https://www.forex.com/en-us/forex-trading/gbp-sgd/|US|NO|redirect-modal-section
https://www.forex.com/en-us/forex-trading/gbp-usd/|US|NO|redirect-modal-section
https://www.forex.com/en-us/forex-trading/gbp-zar/|US|NO|redirect-modal-section
https://www.forex.com/en-us/forex-trading/hkd-jpy/|US|NO|redirect-modal-section
https://www.forex.com/en-us/forex-trading/nok-dkk/|US|NO|redirect-modal-section
https://www.forex.com/en-us/forex-trading/nok-jpy/|US|NO|redirect-modal-section
https://www.forex.com/en-us/forex-trading/nok-sek/|US|NO|redirect-modal-section
https://www.forex.com/en-us/forex-trading/nzd-cad/|US|NO|redirect-modal-section
https://www.forex.com/en-us/forex-trading/nzd-chf/|US|NO|redirect-modal-section
https://www.forex.com/en-us/forex-trading/nzd-jpy/|US|NO|redirect-modal-section
https://www.forex.com/en-us/forex-trading/nzd-usd/|US|NO|redirect-modal-section
https://www.forex.com/en-us/forex-trading/sgd-hkd/|US|NO|redirect-modal-section
https://www.forex.com/en-us/forex-trading/sgd-jpy/|US|NO|redirect-modal-section
https://www.forex.com/en-us/forex-trading/try-jpy/|US|NO|redirect-modal-section
https://www.forex.com/en-us/forex-trading/usd-cad/|US|NO|redirect-modal-section
https://www.forex.com/en-us/forex-trading/usd-chf/|US|NO|redirect-modal-section
https://www.forex.com/en-us/forex-trading/usd-cnh/|US|NO|redirect-modal-section
https://www.forex.com/en-us/forex-trading/usd-czk/|US|NO|redirect-modal-section
https://www.forex.com/en-us/forex-trading/usd-dkk/|US|NO|redirect-modal-section
https://www.forex.com/en-us/forex-trading/usd-hkd/|US|NO|redirect-modal-section
https://www.forex.com/en-us/forex-trading/usd-huf/|US|NO|redirect-modal-section
https://www.forex.com/en-us/forex-trading/usd-ils/|US|NO|redirect-modal-section
https://www.forex.com/en-us/forex-trading/usd-jpy/|US|NO|redirect-modal-section
https://www.forex.com/en-us/forex-trading/usd-mxn/|US|NO|redirect-modal-section
https://www.forex.com/en-us/forex-trading/usd-nok/|US|NO|redirect-modal-section
https://www.forex.com/en-us/forex-trading/usd-pln/|US|NO|redirect-modal-section
https://www.forex.com/en-us/forex-trading/usd-rub/|US|NO|redirect-modal-section
https://www.forex.com/en-us/forex-trading/usd-sek/|US|NO|redirect-modal-section
https://www.forex.com/en-us/forex-trading/usd-sgd/|US|NO|redirect-modal-section
https://www.forex.com/en-us/forex-trading/usd-thb/|US|NO|redirect-modal-section
https://www.forex.com/en-us/forex-trading/usd-try/|US|NO|redirect-modal-section
https://www.forex.com/en-us/forex-trading/usd-zar/|US|NO|redirect-modal-section
https://www.forex.com/en-us/forex-trading/xag-usd/|US|NO|redirect-modal-section
https://www.forex.com/en-us/forex-trading/xau-usd/|US|NO|redirect-modal-section
https://www.forex.com/en-us/forex-trading/zar-jpy/|US|NO|redirect-modal-section
https://www.forex.com/en-us/market-analysis/advanced-charting/|US|NO|redirect-modal-section
https://www.forex.com/en-us/market-analysis/economic-calendar/|US|NO|redirect-modal-section
https://www.forex.com/en-us/market-analysis/global-research-team/|US|NO|redirect-modal-section
https://www.forex.com/en-us/market-analysis/latest-research/|US|NO|redirect-modal-section
https://www.forex.com/en-us/market-analysis/live-trading-sessions/|US|NO|redirect-modal-section
https://www.forex.com/en-us/market-analysis/market-strategist/|US|NO|redirect-modal-section
https://www.forex.com/en-us/market-analysis/nfp-webinar/|US|NO|redirect-modal-section
https://www.forex.com/en-us/market-analysis/pivot-points/|US|NO|redirect-modal-section
https://www.forex.com/en-us/market-analysis/platform-tools/|US|NO|redirect-modal-section
https://www.forex.com/en-us/market-analysis/trade-alerts/|US|NO|redirect-modal-section
https://www.forex.com/en-us/markets/bitcoin-futures-trading/|US|NO|redirect-modal-section
https://www.forex.com/en-us/markets/cryptocurrencies/|US|NO|redirect-modal-section
https://www.forex.com/en-us/markets/forex/|US|NO|redirect-modal-section
https://www.forex.com/en-us/markets/futures-and-futures-options/|US|NO|redirect-modal-section
https://www.forex.com/en-us/markets/gold-and-silver/|US|NO|redirect-modal-section
https://www.forex.com/en-us/support/account-forms/|US|NO|redirect-modal-section
https://www.forex.com/en-us/support/forex-account-ira/|US|NO|redirect-modal-section
https://www.forex.com/en-us/support/margin-requirements/|US|NO|redirect-modal-section
https://www.forex.com/en-us/support/password-reset/|US|NO|redirect-modal-section
https://www.forex.com/en-us/support/currency-converter/|US|NO|redirect-modal-section
https://www.forex.com/en-us/support/margin-pip-calculator/|US|NO|redirect-modal-section
https://www.forex.com/en-us/support/qualifying-trade/|US|NO|redirect-modal-section
https://www.forex.com/en-us/support/trading-hours/|US|NO|redirect-modal-section
https://www.forex.com/en-us/support/faqs/popular-faqs/|US|NO|redirect-modal-section
https://www.forex.com/en-us/support/faqs/tradingview/|US|NO|redirect-modal-section
https://www.forex.com/en-us/support/faqs/opening-a-trading-account/|US|NO|redirect-modal-section
https://www.forex.com/en-us/support/faqs/forex-trading/|US|NO|redirect-modal-section
https://www.forex.com/en-us/support/faqs/spot-metals-trading/|US|NO|redirect-modal-section
https://www.forex.com/en-us/support/faqs/bitcoin/|US|NO|redirect-modal-section
https://www.forex.com/en-us/support/faqs/dma-accounts/|US|NO|redirect-modal-section
https://www.forex.com/en-us/support/faqs/passwords-and-account-settings/|US|NO|redirect-modal-section
https://www.forex.com/en-us/support/faqs/funding-and-withdrawals/|US|NO|redirect-modal-section
https://www.forex.com/en-us/support/faqs/demo-account/|US|NO|redirect-modal-section
https://www.forex.com/en-us/support/faqs/trading-platforms-forex-desktop/|US|NO|redirect-modal-section
https://www.forex.com/en-us/support/faqs/trading-platforms-metatrader-4/|US|NO|redirect-modal-section
https://www.forex.com/en-us/support/faqs/mobile-trading/|US|NO|redirect-modal-section
https://www.forex.com/en-us/support/faqs/web-platform/|US|NO|redirect-modal-section
https://www.forex.com/en-us/support/faqs/trading-platforms-charting/|US|NO|redirect-modal-section
https://www.forex.com/en-us/support/faqs/pricing-and-fees/|US|NO|redirect-modal-section
https://www.forex.com/en-us/support/faqs/orders-and-execution/|US|NO|redirect-modal-section
https://www.forex.com/en-us/support/faqs/margin-and-leverage/|US|NO|redirect-modal-section
https://www.forex.com/en-us/support/faqs/liquidation/|US|NO|redirect-modal-section
https://www.forex.com/en-us/support/faqs/rollover/|US|NO|redirect-modal-section
https://www.forex.com/en-us/support/faqs/education/|US|NO|redirect-modal-section
https://www.forex.com/en-us/support/faqs/market-analysis/|US|NO|redirect-modal-section
https://www.forex.com/en-us/support/faqs/active-trader/|US|NO|redirect-modal-section
https://www.forex.com/en-us/support/faqs/commission-accounts/|US|NO|redirect-modal-section
https://www.forex.com/en-us/support/faqs/market-strategists/|US|NO|redirect-modal-section
https://www.forex.com/en-us/support/faqs/about-forexcom/|US|NO|redirect-modal-section
https://www.forex.com/en-us/trading/our-accounts/|US|NO|redirect-modal-section
https://www.forex.com/en-us/trading/standard-account/|US|NO|redirect-modal-section
https://www.forex.com/en-us/trading/commission-account/|US|NO|redirect-modal-section
https://www.forex.com/en-us/trading/dma-account/|US|NO|redirect-modal-section
https://www.forex.com/en-us/trading/pricing-fees/active-trader/|US|NO|redirect-modal-section
https://www.forex.com/en-us/trading/pricing-fees/forex-trading-accounts/|US|NO|redirect-modal-section
https://www.forex.com/en-us/trading/pricing-fees/execution-scorecard/|US|NO|redirect-modal-section
https://www.forex.com/en-us/trading/pricing-fees/rollover-rates/|US|NO|redirect-modal-section
https://www.forex.com/en-us/trading/pricing-fees/live-spreads/|US|NO|redirect-modal-section
https://www.forex.com/en-us/trading-platforms/forex/|US|NO|redirect-modal-section
https://www.forex.com/en-us/trading-platforms/tradingview/|US|NO|redirect-modal-section
https://www.forex.com/en-us/trading-platforms/trading-platform-comparison/|US|NO|redirect-modal-section
https://www.forex.com/en-us/trading-platforms/metatrader/|US|NO|redirect-modal-section
https://www.forex.com/en-us/trading-platforms/forex/desktop/|US|NO|redirect-modal-section
https://www.forex.com/en-us/trading-platforms/forex/mobile-trading/|US|NO|redirect-modal-section
https://www.forex.com/en-us/trading-platforms/forex/web-trading/|US|NO|redirect-modal-section
https://www.forex.com/en-us/trading-platforms/forex/download-desktop/|US|NO|redirect-modal-section
https://www.forex.com/en-us/trading-platforms/more-services/api-trading/|US|NO|redirect-modal-section
https://www.forex.com/en-us/trading-platforms/more-services/ninjatrader/|US|NO|redirect-modal-section
https://www.forex.com/en-us/trading-platforms/more-services/introducing-brokers/|US|NO|redirect-modal-section
https://www.forex.com/en-us/trading-platforms/metatrader/vps/|US|NO|redirect-modal-section
https://www.forex.com/en-us/trading-platforms/metatrader/metatrader-apps/|US|NO|redirect-modal-section
https://www.forex.com/en-us/trading-platforms/metatrader/mt4-web-trading/|US|NO|redirect-modal-section
https://www.forex.com/en-us/trading-platforms/metatrader/download-metatrader/|US|NO|redirect-modal-section
https://www.forex.com/en-us/trading-platforms/metatrader/mt4-mobile/|US|NO|redirect-modal-section
https://www.forex.com/en-us/why-us/about-us/awards/|US|NO|redirect-modal-section
https://www.forex.com/en-us/why-us/why-choose-us/financial-strength-and-security/|US|NO|redirect-modal-section
https://www.forex.com/en-us/why-us/why-choose-us/regulation/|US|NO|redirect-modal-section
https://www.forex.com/en-us/why-us/why-choose-us/tools-and-guidance/|US|NO|redirect-modal-section
https://www.forex.com/en-us/why-us/why-choose-us/value-and-reliability/|US|NO|redirect-modal-section
https://www.forex.com/en-us/market-analysis/latest-research/week-ahead-nfp-beats-ahead-of-us-cpi-and-boc/|US|NO|redirect-modal-section
https://www.forex.com/en-us/market-analysis/latest-research/nfp-takeaways/|US|NO|redirect-modal-section
https://www.forex.com/en-us/market-analysis/latest-research/fx-brief-tight-ranges-ahead-of-nfp/|US|NO|redirect-modal-section
https://www.forex.com/en-us/market-analysis/latest-research/eurcad-stalls-at-major-juncture-ahead-of-nfp/|US|NO|redirect-modal-section
https://www.forex.com/en-us/market-analysis/latest-research/oil-slips-on-growing-concerns-over-global-downturn/|US|NO|redirect-modal-section
https://www.forex.com/en-us/market-analysis/latest-research/nfp-preview-wages-in-focus-as-rate-cut-looms/|US|NO|redirect-modal-section
https://www.forex.com/en-us/market-analysis/latest-research/fx-brief-independent-day/|US|NO|redirect-modal-section
https://www.forex.com/en-us/market-analysis/latest-research/fx-brief-us-china-trade-talks-to-resume-next-week/|US|NO|redirect-modal-section
https://www.forex.com/en-us/market-analysis/latest-research/daily-forex-technical-trend-bias-key-levels-thurs-04-jul/|US|NO|redirect-modal-section
https://www.forex.com/en-us/market-analysis/latest-research/how-low-can-yields-go/|US|NO|redirect-modal-section
https://www.forex.com/en-us/market-analysis/latest-research/fx-brief-pound-pounded/|US|NO|redirect-modal-section
https://www.forex.com/en-us/market-analysis/latest-research/what-christine-lagarde-as-ecb-president-means-for-the-euro/|US|NO|redirect-modal-section
https://www.forex.com/en-us/market-analysis/latest-research/gbpusd-pound-drops-on-raised-economic-downturn-and-rate-cut-risks/|US|NO|redirect-modal-section
https://www.forex.com/en-us/market-analysis/latest-research/fx-brief-mild-risk-off-trade-keeps-yen-and-swissy-bid/|US|NO|redirect-modal-section
https://www.forex.com/en-us/market-analysis/latest-research/daily-forex-technical-trend-bias-key-levels-wed-03-jul/|US|NO|redirect-modal-section
https://www.forex.com/en-us/market-analysis/latest-research/chfjpy-momentum-shift-slams-it-back-onto-bearish-watchlist/|US|NO|redirect-modal-section
https://www.forex.com/en-us/market-analysis/latest-research/fx-brief-carney-crushes-cable/|US|NO|redirect-modal-section
https://www.forex.com/en-us/market-analysis/latest-research/it-goes-from-bad-to-worse-for-the-pound/|US|NO|redirect-modal-section
https://www.forex.com/en-us/market-analysis/latest-research/fx-brief-aud-holds-steady-after-rba-rate-cut/|US|NO|redirect-modal-section
https://www.forex.com/en-us/market-analysis/latest-research/gbpusd-lower-as-uk-economy-shows-signs-of-strain/|US|NO|redirect-modal-section
https://www.forex.com/en-us/market-analysis/latest-research/rba-cut-rates-to-a-new-record-low-of-1pct/|US|NO|redirect-modal-section
https://www.forex.com/en-us/market-analysis/latest-research/fx-brief-tight-ranges-ahead-of-key-data/|US|NO|redirect-modal-section
https://www.forex.com/en-us/market-analysis/latest-research/daily-forex-technical-trend-bias-key-levels-tues-02-jul/|US|NO|redirect-modal-section
https://www.forex.com/en-us/market-analysis/latest-research/fx-brief-oils-opecdriven-rally-fades-rba-on-tap/|US|NO|redirect-modal-section
https://www.forex.com/en-us/market-analysis/latest-research/oil-rises-as-opec-poised-to-extend-output-cuts/|US|NO|redirect-modal-section
https://www.forex.com/en-us/market-analysis/latest-research/fx-brief-cad-rises-on-9-month-opec-cuts-extension/|US|NO|redirect-modal-section
https://www.forex.com/en-us/market-analysis/latest-research/featured-trade-bullish-exhaustion-seen-in-audjpy-ahead-of-rba/|US|NO|redirect-modal-section
https://www.forex.com/en-us/market-analysis/latest-research/fx-brief-pmi-data-off-to-a-weak-start-in-july/|US|NO|redirect-modal-section
https://www.forex.com/en-us/market-analysis/latest-research/rba-preview-audusd-holds-above-70c-ahead-of-expected-rate-cut/|US|NO|redirect-modal-section
https://www.forex.com/en-us/market-analysis/latest-research/weekly-cot-report-traders-ditch-usd-for-a-4th-consecutive-week/|US|NO|redirect-modal-section
https://www.forex.com/en-us/market-analysis/latest-research/midyear-fx-recap-loonie-tops-as-neutral-is-the-new-hawkish/|US|NO|redirect-modal-section
https://www.forex.com/en-us/market-analysis/latest-research/fx-brief-g20-dominates-investor-focus/|US|NO|redirect-modal-section
https://www.forex.com/en-us/market-analysis/latest-research/week-ahead-g20-opec-and-nfp/|US|NO|redirect-modal-section
https://www.forex.com/en-us/market-analysis/latest-research/fx-brief-g20-underway/|US|NO|redirect-modal-section
https://www.forex.com/en-us/market-analysis/latest-research/daily-forex-technical-trend-bias-key-levels-fri-28-jun-ahead-of-g20/|US|NO|redirect-modal-section
https://www.forex.com/en-us/market-analysis/latest-research/markets-on-tenterhooks-as-g20-kicks-off/|US|NO|redirect-modal-section
https://www.forex.com/en-us/market-analysis/latest-research/could-silver-finally-break-out/|US|NO|redirect-modal-section
https://www.forex.com/en-us/market-analysis/latest-research/fx-handover-consolidation-on-g20-eve/|US|NO|redirect-modal-section
https://www.forex.com/en-us/market-analysis/latest-research/fx-handover-us-and-china-tentatively-agree-on-trade-truce/|US|NO|redirect-modal-section
https://www.forex.com/en-us/market-analysis/latest-research/daily-forex-technical-trend-bias-key-levels-thurs-27-jun/|US|NO|redirect-modal-section
https://www.forex.com/en-us/market-analysis/latest-research/fx-handover-bitcoin-goes-bonkers/|US|NO|redirect-modal-section
https://www.forex.com/en-us/market-analysis/latest-research/eurjpy-trying-to-break-higher/|US|NO|redirect-modal-section
https://www.forex.com/en-us/market-analysis/latest-research/fx-handover-kiwi-flies-on-rbnz-hold/|US|NO|redirect-modal-section
https://www.forex.com/en-us/market-analysis/latest-research/gold-rally-halts/|US|NO|redirect-modal-section
https://www.forex.com/en-us/market-analysis/latest-research/ftse-sinks-in-a-morass-of-negative-news/|US|NO|redirect-modal-section
https://www.forex.com/en-us/market-analysis/latest-research/daily-forex-technical-trend-bias-key-levels-wed-26-jun/|US|NO|redirect-modal-section
https://www.forex.com/en-us/market-analysis/latest-research/fx-handover-gold-bucks-it-parabolic-trend-bitcoin-cracks-12k/|US|NO|redirect-modal-section
https://www.forex.com/en-us/market-analysis/latest-research/rbnz-holds-but-keeps-door-open-for-a-cut-in-august/|US|NO|redirect-modal-section
https://www.forex.com/en-us/market-analysis/latest-research/fx-handover-dollar-bounces-on-hawkish-fedspeak-kiwi-king-ahead-of-rbnz/|US|NO|redirect-modal-section
https://www.forex.com/en-us/market-analysis/latest-research/fx-handover-short-covering-boosts-dollar/|US|NO|redirect-modal-section
